id,name,salary,email
1,Apple,200,apple101@gmail.com
2,Mango,30,mango@gmai.com
3,lemon,4000,lemon@gail.com
4,amint,322,amin@gmail.com
5,mohan,1234,mohan@gmail.com
6,rohan,123,rohan@gmail.com
7,sandeep,10203,sandeep@gmail.com
8,ganga,123,ganga@gmail.com
